{"timestamps": [1477699483.58302], "initial_reset_timestamp": 1477699470.490288, "episode_types": ["t"], "episode_lengths": [1961], "episode_rewards": [800.0]}